,model_type,k_ar,params,coint_rank,k_ar_diff,alpha,beta,gamma,det_coef
*XFN_IJH,VAR,10.0,"              *XFN_rtn   IJH_rtn
const         0.000164  0.000376
L1.*XFN_rtn   0.012545  0.069343
L1.IJH_rtn    0.242130 -0.076100
L2.*XFN_rtn  -0.037048  0.028804
L2.IJH_rtn    0.055322 -0.030234
L3.*XFN_rtn  -0.005017  0.120618
L3.IJH_rtn    0.006882 -0.040267
L4.*XFN_rtn  -0.009595 -0.005261
L4.IJH_rtn    0.030353 -0.084471
L5.*XFN_rtn  -0.042654  0.060921
L5.IJH_rtn   -0.010827 -0.052888
L6.*XFN_rtn  -0.089919  0.025012
L6.IJH_rtn    0.020104 -0.060566
L7.*XFN_rtn   0.057826  0.038069
L7.IJH_rtn    0.005256  0.009044
L8.*XFN_rtn   0.005623  0.171956
L8.IJH_rtn   -0.018746 -0.038225
L9.*XFN_rtn  -0.019263 -0.030296
L9.IJH_rtn   -0.020625 -0.006279
L10.*XFN_rtn  0.009783  0.092822
L10.IJH_rtn  -0.044060  0.020781",,,,,,
*XIC_EZA,VAR,10.0,"              *XIC_rtn   EZA_rtn
const         0.000183  0.000166
L1.*XIC_rtn   0.008498  0.043836
L1.EZA_rtn    0.120506 -0.118923
L2.*XIC_rtn  -0.005598  0.051319
L2.EZA_rtn    0.051332 -0.074824
L3.*XIC_rtn   0.020297  0.134987
L3.EZA_rtn    0.016008 -0.031040
L4.*XIC_rtn  -0.007995  0.062079
L4.EZA_rtn    0.025099 -0.082736
L5.*XIC_rtn  -0.049241  0.108422
L5.EZA_rtn   -0.012789 -0.072340
L6.*XIC_rtn  -0.083600  0.047863
L6.EZA_rtn   -0.000019 -0.066580
L7.*XIC_rtn   0.069236  0.076716
L7.EZA_rtn    0.003796 -0.048143
L8.*XIC_rtn  -0.013742  0.213778
L8.EZA_rtn   -0.003663 -0.039509
L9.*XIC_rtn  -0.031862 -0.014131
L9.EZA_rtn   -0.018863 -0.058188
L10.*XIC_rtn -0.011417  0.128823
L10.EZA_rtn  -0.014557 -0.009867",,,,,,
*XIU_REM,VECM,,,1.0,10.0,"[[-0.00112833]
 [ 0.02365675]]","[[ 1.        ]
 [-0.49007222]]","[[ 0.02289323  0.02093479  0.01368784  0.01436194  0.01030246  0.00083099
   0.00996769  0.00721413 -0.02826769 -0.00405328 -0.04867338  0.00147065
   0.05409197 -0.00225867 -0.00107495 -0.00716197 -0.01486064  0.00308419
  -0.01673204 -0.00117595]
 [ 0.19198995  0.01270145  0.10434642  0.0065919   0.11463969 -0.029974
  -0.06681585 -0.0142526   0.0613974  -0.02269829 -0.02808744 -0.01490877
  -0.01772049  0.03687209  0.30267381 -0.01683282 -0.10170983  0.06577243
   0.05941995  0.06984032]]","[[-2.50482713e-02  1.00842445e-05]
 [ 4.38131772e-01 -1.60437241e-04]]"
BKF_IGM,VAR,8.0,"             BKF_rtn   IGM_rtn
const       0.000045  0.000594
L1.BKF_rtn -0.017269  0.017681
L1.IGM_rtn -0.063377 -0.096992
L2.BKF_rtn -0.077746 -0.048278
L2.IGM_rtn  0.057878  0.038447
L3.BKF_rtn -0.009740  0.008139
L3.IGM_rtn  0.009120 -0.014075
L4.BKF_rtn  0.006507  0.005466
L4.IGM_rtn -0.046883 -0.037116
L5.BKF_rtn -0.036953 -0.047520
L5.IGM_rtn  0.023924  0.033330
L6.BKF_rtn -0.060591 -0.002284
L6.IGM_rtn  0.018413 -0.046841
L7.BKF_rtn -0.027576 -0.025764
L7.IGM_rtn  0.030827  0.058490
L8.BKF_rtn  0.014710  0.006167
L8.IGM_rtn -0.044993 -0.074185",,,,,,
BKF_IVV,VAR,9.0,"             BKF_rtn   IVV_rtn
const       0.000081  0.000365
L1.BKF_rtn  0.062789  0.051073
L1.IVV_rtn -0.212990 -0.171552
L2.BKF_rtn -0.077194 -0.049387
L2.IVV_rtn  0.054297  0.046059
L3.BKF_rtn  0.006618  0.023559
L3.IVV_rtn -0.023236 -0.019755
L4.BKF_rtn  0.034215  0.023142
L4.IVV_rtn -0.096721 -0.067063
L5.BKF_rtn -0.032383 -0.044589
L5.IVV_rtn  0.018493  0.027119
L6.BKF_rtn -0.071538 -0.000233
L6.IVV_rtn  0.040125 -0.036106
L7.BKF_rtn -0.021026 -0.033651
L7.IVV_rtn  0.024348  0.081937
L8.BKF_rtn  0.013208  0.011116
L8.IVV_rtn -0.033338 -0.048163
L9.BKF_rtn -0.038224 -0.049869
L9.IVV_rtn  0.103556  0.100262",,,,,,
EWD_THD,VAR,3.0,"             EWD_rtn   THD_rtn
const       0.000250  0.000278
L1.EWD_rtn -0.040382 -0.032553
L1.THD_rtn -0.106684 -0.106590
L2.EWD_rtn -0.034218  0.035180
L2.THD_rtn  0.033169 -0.014357
L3.EWD_rtn -0.015129  0.021524
L3.THD_rtn -0.010472  0.015343",,,,,,
EWG_THD,VAR,4.0,"             EWG_rtn   THD_rtn
const       0.000101  0.000281
L1.EWG_rtn  0.008133 -0.028322
L1.THD_rtn -0.101872 -0.114094
L2.EWG_rtn  0.003926  0.066119
L2.THD_rtn -0.000690 -0.031272
L3.EWG_rtn  0.008676  0.033756
L3.THD_rtn -0.001191  0.011744
L4.EWG_rtn -0.030757  0.017769
L4.THD_rtn  0.016208  0.010827",,,,,,
EWH_IJH,VAR,9.0,"             EWH_rtn   IJH_rtn
const       0.000273  0.000407
L1.EWH_rtn -0.085395 -0.006333
L1.IJH_rtn -0.079829 -0.063316
L2.EWH_rtn -0.053610 -0.045349
L2.IJH_rtn  0.037365  0.054465
L3.EWH_rtn  0.041154  0.025154
L3.IJH_rtn  0.007956 -0.029920
L4.EWH_rtn  0.034353  0.029172
L4.IJH_rtn -0.062125 -0.071757
L5.EWH_rtn -0.062511 -0.052910
L5.IJH_rtn  0.037964  0.029193
L6.EWH_rtn -0.035380 -0.000040
L6.IJH_rtn  0.021204 -0.050478
L7.EWH_rtn -0.054599 -0.043338
L7.IJH_rtn  0.041228  0.076195
L8.EWH_rtn  0.032238  0.020891
L8.IJH_rtn -0.005175 -0.035422
L9.EWH_rtn -0.020600 -0.048968
L9.IJH_rtn  0.019358  0.077439",,,,,,
EWM_EZA,VAR,8.0,"             EWM_rtn   EZA_rtn
const       0.000045  0.000254
L1.EWM_rtn -0.131043 -0.133748
L1.EZA_rtn  0.007850 -0.050465
L2.EWM_rtn  0.001922 -0.024511
L2.EZA_rtn  0.013160 -0.033459
L3.EWM_rtn -0.019144  0.007162
L3.EZA_rtn  0.036867  0.005517
L4.EWM_rtn  0.017256 -0.031763
L4.EZA_rtn -0.013881 -0.028182
L5.EWM_rtn  0.024697  0.091617
L5.EZA_rtn -0.022229 -0.066406
L6.EWM_rtn -0.013896  0.023510
L6.EZA_rtn  0.000061 -0.045858
L7.EWM_rtn  0.005741  0.042451
L7.EZA_rtn  0.008865 -0.036337
L8.EWM_rtn -0.057231 -0.062736
L8.EZA_rtn  0.016297  0.014451",,,,,,
EWQ_IYG,VAR,10.0,"              EWQ_rtn   IYG_rtn
const        0.000225  0.000325
L1.EWQ_rtn  -0.045457 -0.017449
L1.IYG_rtn  -0.037864 -0.085425
L2.EWQ_rtn   0.003865  0.054460
L2.IYG_rtn  -0.004440 -0.027158
L3.EWQ_rtn   0.001110  0.046444
L3.IYG_rtn  -0.008639 -0.061610
L4.EWQ_rtn   0.017001  0.054740
L4.IYG_rtn  -0.041415 -0.082735
L5.EWQ_rtn  -0.028718  0.003127
L5.IYG_rtn   0.014685 -0.051788
L6.EWQ_rtn  -0.018436  0.043702
L6.IYG_rtn  -0.025961 -0.080711
L7.EWQ_rtn   0.025827  0.032934
L7.IYG_rtn  -0.007377  0.028489
L8.EWQ_rtn  -0.032186 -0.028652
L8.IYG_rtn   0.021576 -0.002107
L9.EWQ_rtn  -0.067820 -0.053962
L9.IYG_rtn   0.050322  0.054810
L10.EWQ_rtn -0.062599 -0.046495
L10.IYG_rtn  0.045553  0.072242",,,,,,
EWT_IJH,VAR,9.0,"             EWT_rtn   IJH_rtn
const       0.000304  0.000410
L1.EWT_rtn  0.000251  0.030132
L1.IJH_rtn -0.144903 -0.093842
L2.EWT_rtn -0.035930 -0.002163
L2.IJH_rtn  0.040966  0.025890
L3.EWT_rtn  0.017219  0.020209
L3.IJH_rtn  0.012877 -0.025641
L4.EWT_rtn -0.005087  0.053356
L4.IJH_rtn -0.046947 -0.088035
L5.EWT_rtn -0.047380 -0.041824
L5.IJH_rtn  0.017424  0.023464
L6.EWT_rtn -0.018710  0.011499
L6.IJH_rtn -0.016853 -0.059315
L7.EWT_rtn -0.008365 -0.021541
L7.IJH_rtn  0.017534  0.063819
L8.EWT_rtn -0.059599 -0.067158
L8.IJH_rtn  0.063382  0.035658
L9.EWT_rtn  0.032759  0.010946
L9.IJH_rtn -0.037212  0.024528",,,,,,
EWT_IJJ,VAR,9.0,"             EWT_rtn   IJJ_rtn
const       0.000300  0.000379
L1.EWT_rtn -0.006761  0.024738
L1.IJJ_rtn -0.134349 -0.098120
L2.EWT_rtn -0.028492  0.003010
L2.IJJ_rtn  0.026939  0.019732
L3.EWT_rtn  0.014867  0.019150
L3.IJJ_rtn  0.019618 -0.021838
L4.EWT_rtn -0.012858  0.052339
L4.IJJ_rtn -0.035708 -0.083300
L5.EWT_rtn -0.037212 -0.039164
L5.IJJ_rtn -0.000153  0.017253
L6.EWT_rtn -0.021774  0.007098
L6.IJJ_rtn -0.010249 -0.045242
L7.EWT_rtn -0.009188 -0.021276
L7.IJJ_rtn  0.019552  0.069145
L8.EWT_rtn -0.058044 -0.067736
L8.IJJ_rtn  0.060285  0.040334
L9.EWT_rtn  0.032706  0.014203
L9.IJJ_rtn -0.034020  0.020765",,,,,,
EWT_IVE,VAR,8.0,"             EWT_rtn   IVE_rtn
const       0.000304  0.000309
L1.EWT_rtn  0.036022  0.040799
L1.IVE_rtn -0.229327 -0.134479
L2.EWT_rtn -0.020845  0.000438
L2.IVE_rtn  0.019616  0.002951
L3.EWT_rtn  0.007271  0.013470
L3.IVE_rtn  0.031110 -0.007270
L4.EWT_rtn -0.002349  0.038022
L4.IVE_rtn -0.057254 -0.071495
L5.EWT_rtn -0.037188 -0.022703
L5.IVE_rtn -0.000793 -0.008361
L6.EWT_rtn -0.008788  0.018483
L6.IVE_rtn -0.035443 -0.053377
L7.EWT_rtn -0.006216 -0.019547
L7.IVE_rtn  0.020088  0.071599
L8.EWT_rtn -0.059002 -0.043364
L8.IVE_rtn  0.074449  0.008027",,,,,,
EWT_IVV,VAR,9.0,"             EWT_rtn   IVV_rtn
const       0.000330  0.000401
L1.EWT_rtn  0.049175  0.054525
L1.IVV_rtn -0.248737 -0.167552
L2.EWT_rtn -0.020371 -0.000486
L2.IVV_rtn  0.015768 -0.008086
L3.EWT_rtn  0.006074  0.006515
L3.IVV_rtn  0.029255  0.000144
L4.EWT_rtn  0.004700  0.046967
L4.IVV_rtn -0.067140 -0.083696
L5.EWT_rtn -0.049884 -0.028135
L5.IVV_rtn  0.022206  0.006635
L6.EWT_rtn -0.001732  0.022616
L6.IVV_rtn -0.046297 -0.064579
L7.EWT_rtn -0.013987 -0.022636
L7.IVV_rtn  0.032924  0.064602
L8.EWT_rtn -0.056611 -0.033995
L8.IVV_rtn  0.065623 -0.008245
L9.EWT_rtn  0.028789  0.015300
L9.IVV_rtn -0.036400  0.021253",,,,,,
EWT_IWB,VAR,9.0,"             EWT_rtn   IWB_rtn
const       0.000328  0.000395
L1.EWT_rtn  0.043224  0.051500
L1.IWB_rtn -0.237068 -0.149321
L2.EWT_rtn -0.012747  0.005478
L2.IWB_rtn  0.005425 -0.012274
L3.EWT_rtn -0.001680 -0.000528
L3.IWB_rtn  0.044437  0.014418
L4.EWT_rtn  0.006331  0.049802
L4.IWB_rtn -0.069915 -0.091264
L5.EWT_rtn -0.053542 -0.030408
L5.IWB_rtn  0.027575  0.011608
L6.EWT_rtn  0.000097  0.025925
L6.IWB_rtn -0.048159 -0.073300
L7.EWT_rtn -0.013687 -0.027384
L7.IWB_rtn  0.031037  0.071319
L8.EWT_rtn -0.059248 -0.036236
L8.IWB_rtn  0.068596 -0.003462
L9.EWT_rtn  0.033769  0.016981
L9.IWB_rtn -0.044975  0.023751",,,,,,
EWT_IWV,VAR,9.0,"             EWT_rtn   IWV_rtn
const       0.000326  0.000399
L1.EWT_rtn  0.041649  0.054821
L1.IWV_rtn -0.229419 -0.162897
L2.EWT_rtn -0.023255 -0.002301
L2.IWV_rtn  0.021857  0.003571
L3.EWT_rtn  0.002896  0.008080
L3.IWV_rtn  0.034863  0.001214
L4.EWT_rtn  0.008318  0.044578
L4.IWV_rtn -0.071238 -0.085938
L5.EWT_rtn -0.051016 -0.027488
L5.IWV_rtn  0.022598  0.007047
L6.EWT_rtn -0.009025  0.015184
L6.IWV_rtn -0.033170 -0.056389
L7.EWT_rtn -0.006058 -0.013657
L7.IWV_rtn  0.017033  0.052230
L8.EWT_rtn -0.058970 -0.038107
L8.IWV_rtn  0.068437 -0.000271
L9.EWT_rtn  0.034382  0.007939
L9.IWV_rtn -0.043978  0.026068",,,,,,
EZU_THD,VECM,,,1.0,2.0,"[[-0.00758795]
 [-0.00898649]]","[[ 1.        ]
 [-0.01604051]]","[[-0.02829303 -0.03291251 -0.00986984  0.01576291]
 [-0.08896306 -0.03978955  0.09390917 -0.0106301 ]]","[[2.25556496e-01 2.57312583e-05]
 [3.10460337e-01 1.37489288e-05]]"
IDU_IVV,VAR,10.0,"              IDU_rtn   IVV_rtn
const        0.000286  0.000403
L1.IDU_rtn  -0.065130 -0.062153
L1.IVV_rtn  -0.035842 -0.077275
L2.IDU_rtn  -0.025803 -0.013241
L2.IVV_rtn   0.034243 -0.005056
L3.IDU_rtn  -0.062782 -0.036373
L3.IVV_rtn   0.071040  0.032649
L4.IDU_rtn  -0.027474 -0.046538
L4.IVV_rtn  -0.017344 -0.008235
L5.IDU_rtn   0.004348 -0.019603
L5.IVV_rtn   0.012118 -0.010037
L6.IDU_rtn  -0.001912  0.017899
L6.IVV_rtn  -0.042321 -0.051205
L7.IDU_rtn   0.007795 -0.030856
L7.IVV_rtn   0.008785  0.060271
L8.IDU_rtn   0.020235  0.006253
L8.IVV_rtn  -0.034681 -0.046023
L9.IDU_rtn   0.005831  0.005800
L9.IVV_rtn   0.028355  0.040290
L10.IDU_rtn -0.056779 -0.063867
L10.IVV_rtn  0.039900  0.054385",,,,,,
IEV_THD,VAR,3.0,"             IEV_rtn   THD_rtn
const       0.000092  0.000283
L1.IEV_rtn -0.022367 -0.055746
L1.THD_rtn -0.086546 -0.097009
L2.IEV_rtn -0.031700  0.045527
L2.THD_rtn  0.031041 -0.014969
L3.IEV_rtn  0.012338  0.062011
L3.THD_rtn -0.003548 -0.006941",,,,,,
IFGL_IHE,VAR,8.0,"             IFGL_rtn   IHE_rtn
const       -0.000088  0.000468
L1.IFGL_rtn -0.004103 -0.002670
L1.IHE_rtn  -0.071600 -0.049221
L2.IFGL_rtn  0.065175  0.022296
L2.IHE_rtn  -0.055573 -0.035901
L3.IFGL_rtn  0.016770  0.013500
L3.IHE_rtn   0.042270  0.023682
L4.IFGL_rtn  0.018198  0.028487
L4.IHE_rtn  -0.033486 -0.043070
L5.IFGL_rtn -0.054203 -0.039709
L5.IHE_rtn   0.051046  0.025931
L6.IFGL_rtn -0.049208 -0.000872
L6.IHE_rtn   0.000241 -0.043105
L7.IFGL_rtn -0.022582 -0.010406
L7.IHE_rtn  -0.021663  0.029926
L8.IFGL_rtn  0.017890  0.026323
L8.IHE_rtn  -0.009355 -0.075434",,,,,,
IFGL_IWM,VAR,7.0,"             IFGL_rtn   IWM_rtn
const       -0.000179  0.000369
L1.IFGL_rtn -0.064881 -0.017605
L1.IWM_rtn   0.027859 -0.067239
L2.IFGL_rtn  0.014577  0.044779
L2.IWM_rtn   0.028910 -0.001245
L3.IFGL_rtn  0.033831  0.009966
L3.IWM_rtn   0.008059 -0.004982
L4.IFGL_rtn  0.031507  0.025519
L4.IWM_rtn  -0.039926 -0.062416
L5.IFGL_rtn -0.052363 -0.063117
L5.IWM_rtn   0.027705  0.013692
L6.IFGL_rtn -0.054450 -0.032984
L6.IWM_rtn   0.012662 -0.004924
L7.IFGL_rtn -0.053069 -0.020382
L7.IWM_rtn   0.023482  0.050336",,,,,,
IGM_IHI,VAR,10.0,"              IGM_rtn   IHI_rtn
const        0.000681  0.000576
L1.IGM_rtn  -0.035568  0.006010
L1.IHI_rtn  -0.061177 -0.036784
L2.IGM_rtn  -0.005410  0.008155
L2.IHI_rtn  -0.007421 -0.015863
L3.IGM_rtn   0.002756  0.034161
L3.IHI_rtn  -0.009852 -0.025895
L4.IGM_rtn   0.012491 -0.004543
L4.IHI_rtn  -0.062980 -0.046517
L5.IGM_rtn   0.032601  0.066950
L5.IHI_rtn  -0.058680 -0.076965
L6.IGM_rtn  -0.034966  0.012050
L6.IHI_rtn  -0.018020 -0.034590
L7.IGM_rtn   0.041605  0.048223
L7.IHI_rtn  -0.003461 -0.002660
L8.IGM_rtn  -0.046957 -0.015912
L8.IHI_rtn  -0.023249 -0.031021
L9.IGM_rtn   0.021632  0.057105
L9.IHI_rtn   0.030722 -0.020848
L10.IGM_rtn  0.032151  0.051913
L10.IHI_rtn -0.040098 -0.039548",,,,,,
IHE_ACWI,VAR,1.0,"              IHE_rtn  ACWI_rtn
const        0.000459  0.000273
L1.IHE_rtn  -0.042645 -0.072662
L1.ACWI_rtn -0.019835 -0.046871",,,,,,
IHE_ACWX,VAR,2.0,"              IHE_rtn  ACWX_rtn
const        0.000481  0.000148
L1.IHE_rtn  -0.056803 -0.104517
L1.ACWX_rtn -0.003323 -0.029150
L2.IHE_rtn  -0.045794 -0.078023
L2.ACWX_rtn  0.033495  0.045201",,,,,,
IHE_SCZ,VAR,8.0,"             IHE_rtn   SCZ_rtn
const       0.000497  0.000205
L1.IHE_rtn -0.047398 -0.067947
L1.SCZ_rtn -0.006748 -0.041360
L2.IHE_rtn -0.093550 -0.107473
L2.SCZ_rtn  0.097612  0.148784
L3.IHE_rtn  0.043748  0.056707
L3.SCZ_rtn -0.011674 -0.028849
L4.IHE_rtn -0.042643 -0.023173
L4.SCZ_rtn  0.022264 -0.015090
L5.IHE_rtn  0.012767  0.038402
L5.SCZ_rtn -0.014500 -0.011609
L6.IHE_rtn -0.042556  0.002694
L6.SCZ_rtn  0.003635 -0.047402
L7.IHE_rtn  0.015567  0.018807
L7.SCZ_rtn  0.007847 -0.010266
L8.IHE_rtn -0.072068 -0.030361
L8.SCZ_rtn  0.024156  0.036193",,,,,,
IHE_TOK,VAR,9.0,"             IHE_rtn   TOK_rtn
const       0.000477  0.000249
L1.IHE_rtn -0.045902  0.108355
L1.TOK_rtn -0.007652 -0.130036
L2.IHE_rtn -0.058509 -0.056820
L2.TOK_rtn  0.052151  0.038915
L3.IHE_rtn  0.042021  0.018008
L3.TOK_rtn -0.023117 -0.038707
L4.IHE_rtn -0.004212  0.036216
L4.TOK_rtn -0.023340 -0.070856
L5.IHE_rtn -0.015466 -0.019284
L5.TOK_rtn  0.025854  0.046918
L6.IHE_rtn -0.026436 -0.012574
L6.TOK_rtn -0.018971 -0.042204
L7.IHE_rtn -0.000594  0.039078
L7.TOK_rtn  0.032979 -0.000421
L8.IHE_rtn -0.054173 -0.028048
L8.TOK_rtn -0.002551 -0.005006
L9.IHE_rtn -0.019725  0.013890
L9.TOK_rtn  0.040959  0.029707",,,,,,
IHE_WOOD,VAR,9.0,"              IHE_rtn  WOOD_rtn
const        0.000504  0.000296
L1.IHE_rtn  -0.033227 -0.025547
L1.WOOD_rtn -0.022079 -0.045872
L2.IHE_rtn  -0.064708 -0.091483
L2.WOOD_rtn  0.050911  0.075028
L3.IHE_rtn   0.028989  0.066350
L3.WOOD_rtn  0.003675 -0.036509
L4.IHE_rtn  -0.034949 -0.028705
L4.WOOD_rtn  0.012666  0.006090
L5.IHE_rtn   0.011937  0.010949
L5.WOOD_rtn -0.014210  0.003368
L6.IHE_rtn  -0.022982 -0.019660
L6.WOOD_rtn -0.019653 -0.029888
L7.IHE_rtn  -0.014488  0.013502
L7.WOOD_rtn  0.044187  0.044855
L8.IHE_rtn  -0.051538 -0.097685
L8.WOOD_rtn -0.000032  0.063459
L9.IHE_rtn  -0.013119  0.061028
L9.WOOD_rtn  0.028314 -0.013512",,,,,,
IHF_ILCB,VAR,10.0,"               IHF_rtn  ILCB_rtn
const         0.000554  0.000418
L1.IHF_rtn   -0.022153 -0.026287
L1.ILCB_rtn  -0.018323 -0.084789
L2.IHF_rtn    0.027325  0.023740
L2.ILCB_rtn   0.002187 -0.012199
L3.IHF_rtn   -0.001122  0.007911
L3.ILCB_rtn   0.025753  0.010739
L4.IHF_rtn   -0.029658 -0.015030
L4.ILCB_rtn   0.005020 -0.032320
L5.IHF_rtn   -0.021258 -0.041297
L5.ILCB_rtn   0.004848  0.025527
L6.IHF_rtn   -0.012770 -0.008997
L6.ILCB_rtn  -0.025712 -0.038291
L7.IHF_rtn   -0.011908  0.004407
L7.ILCB_rtn   0.062806  0.041284
L8.IHF_rtn   -0.048339 -0.042143
L8.ILCB_rtn   0.005869  0.001329
L9.IHF_rtn    0.004990  0.002803
L9.ILCB_rtn   0.060728  0.052138
L10.IHF_rtn  -0.068859 -0.035991
L10.ILCB_rtn  0.026043  0.033325",,,,,,
IHF_ILCG,VAR,10.0,"               IHF_rtn  ILCG_rtn
const         0.000550  0.000526
L1.IHF_rtn   -0.036382 -0.049980
L1.ILCG_rtn   0.005354 -0.046102
L2.IHF_rtn    0.031282  0.039680
L2.ILCG_rtn  -0.001322 -0.043919
L3.IHF_rtn   -0.002099 -0.006869
L3.ILCG_rtn   0.026120  0.009612
L4.IHF_rtn   -0.016018 -0.024837
L4.ILCG_rtn  -0.016437 -0.020869
L5.IHF_rtn   -0.022279 -0.032803
L5.ILCG_rtn   0.006763 -0.000937
L6.IHF_rtn   -0.024612 -0.000591
L6.ILCG_rtn  -0.006343 -0.040473
L7.IHF_rtn   -0.007696 -0.001811
L7.ILCG_rtn   0.055649  0.048715
L8.IHF_rtn   -0.028114 -0.012186
L8.ILCG_rtn  -0.025960 -0.044362
L9.IHF_rtn    0.027979  0.026955
L9.ILCG_rtn   0.021050  0.024564
L10.IHF_rtn  -0.059689 -0.020321
L10.ILCG_rtn  0.008831  0.008987",,,,,,
IHF_IUSG,VAR,10.0,"               IHF_rtn  IUSG_rtn
const         0.000543  0.000497
L1.IHF_rtn   -0.040997 -0.050651
L1.IUSG_rtn   0.010492 -0.047090
L2.IHF_rtn    0.031053  0.032966
L2.IUSG_rtn  -0.001194 -0.035137
L3.IHF_rtn   -0.000356  0.006843
L3.IUSG_rtn   0.022510 -0.001010
L4.IHF_rtn   -0.026033 -0.033786
L4.IUSG_rtn  -0.001753 -0.011060
L5.IHF_rtn   -0.024024 -0.030341
L5.IUSG_rtn   0.010316  0.003822
L6.IHF_rtn   -0.029780 -0.012711
L6.IUSG_rtn   0.001052 -0.028301
L7.IHF_rtn   -0.011825  0.004695
L7.IUSG_rtn   0.063170  0.037107
L8.IHF_rtn   -0.039427 -0.026712
L8.IUSG_rtn  -0.008863 -0.023979
L9.IHF_rtn    0.014353  0.022796
L9.IUSG_rtn   0.043897  0.035945
L10.IHF_rtn  -0.070102 -0.026042
L10.IUSG_rtn  0.026385  0.027172",,,,,,
IHF_IVW,VAR,10.0,"              IHF_rtn   IVW_rtn
const        0.000547  0.000513
L1.IHF_rtn  -0.035751 -0.048944
L1.IVW_rtn   0.003309 -0.073740
L2.IHF_rtn   0.042108  0.050013
L2.IVW_rtn  -0.017543 -0.056497
L3.IHF_rtn   0.008053  0.005437
L3.IVW_rtn   0.007755 -0.002591
L4.IHF_rtn  -0.025372 -0.039010
L4.IVW_rtn  -0.003404 -0.006954
L5.IHF_rtn  -0.020848 -0.024652
L5.IVW_rtn   0.005568  0.002012
L6.IHF_rtn  -0.034996 -0.025883
L6.IVW_rtn   0.008168 -0.014971
L7.IHF_rtn  -0.012949  0.008771
L7.IVW_rtn   0.066388  0.031750
L8.IHF_rtn  -0.029487 -0.013923
L8.IVW_rtn  -0.022402 -0.034774
L9.IHF_rtn   0.018153  0.024514
L9.IVW_rtn   0.036591  0.025362
L10.IHF_rtn -0.071587 -0.030641
L10.IVW_rtn  0.029770  0.027255",,,,,,
IHF_IXN,VAR,10.0,"              IHF_rtn   IXN_rtn
const        0.000534  0.000622
L1.IHF_rtn  -0.036799 -0.077957
L1.IXN_rtn   0.006562 -0.039657
L2.IHF_rtn   0.031556  0.056794
L2.IXN_rtn  -0.002627 -0.055488
L3.IHF_rtn   0.001812 -0.014828
L3.IXN_rtn   0.018570  0.016571
L4.IHF_rtn  -0.029429 -0.029819
L4.IXN_rtn   0.004076 -0.024395
L5.IHF_rtn  -0.034719 -0.042128
L5.IXN_rtn   0.025561  0.025745
L6.IHF_rtn  -0.018384 -0.014422
L6.IXN_rtn  -0.012986 -0.044027
L7.IHF_rtn  -0.013616 -0.003399
L7.IXN_rtn   0.063377  0.055917
L8.IHF_rtn  -0.025943 -0.005956
L8.IXN_rtn  -0.025777 -0.061605
L9.IHF_rtn   0.025314  0.012751
L9.IXN_rtn   0.025049  0.042285
L10.IHF_rtn -0.067817 -0.007450
L10.IXN_rtn  0.022576  0.004978",,,,,,
IJH_ACWI,VAR,10.0,"               IJH_rtn  ACWI_rtn
const         0.000404  0.000214
L1.IJH_rtn   -0.040599  0.033931
L1.ACWI_rtn  -0.042997 -0.132098
L2.IJH_rtn    0.021235  0.059682
L2.ACWI_rtn   0.009317 -0.062076
L3.IJH_rtn   -0.074204 -0.026794
L3.ACWI_rtn   0.079022  0.024273
L4.IJH_rtn   -0.118622 -0.084394
L4.ACWI_rtn   0.080102  0.055555
L5.IJH_rtn    0.076344  0.088845
L5.ACWI_rtn  -0.106588 -0.110363
L6.IJH_rtn   -0.037865  0.006255
L6.ACWI_rtn  -0.003510 -0.038562
L7.IJH_rtn    0.043392  0.025750
L7.ACWI_rtn   0.008833  0.000623
L8.IJH_rtn    0.040509 -0.009696
L8.ACWI_rtn  -0.070953 -0.010647
L9.IJH_rtn    0.124182  0.092651
L9.ACWI_rtn  -0.095280 -0.076882
L10.IJH_rtn   0.143839  0.141460
L10.ACWI_rtn -0.143967 -0.154979",,,,,,
IJH_TOK,VAR,10.0,"              IJH_rtn   TOK_rtn
const        0.000429  0.000179
L1.IJH_rtn  -0.107500  0.329655
L1.TOK_rtn   0.046330 -0.376457
L2.IJH_rtn  -0.045239  0.107116
L2.TOK_rtn   0.093059 -0.099019
L3.IJH_rtn  -0.011465  0.025111
L3.TOK_rtn  -0.011058 -0.065016
L4.IJH_rtn  -0.042846  0.015594
L4.TOK_rtn  -0.007525 -0.062328
L5.IJH_rtn  -0.083037 -0.020845
L5.TOK_rtn   0.101004  0.058985
L6.IJH_rtn  -0.033268 -0.006569
L6.TOK_rtn  -0.029988 -0.048473
L7.IJH_rtn   0.070541  0.087242
L7.TOK_rtn  -0.022531 -0.056104
L8.IJH_rtn   0.033422  0.028983
L8.TOK_rtn  -0.057952 -0.057039
L9.IJH_rtn   0.084905  0.043574
L9.TOK_rtn  -0.045600 -0.022114
L10.IJH_rtn  0.137375  0.067904
L10.TOK_rtn -0.154893 -0.100144",,,,,,
IJH_WOOD,VAR,10.0,"               IJH_rtn  WOOD_rtn
const         0.000467  0.000266
L1.IJH_rtn   -0.042446  0.164377
L1.WOOD_rtn  -0.036532 -0.191636
L2.IJH_rtn   -0.047313 -0.049938
L2.WOOD_rtn   0.081593  0.072837
L3.IJH_rtn   -0.052350 -0.043645
L3.WOOD_rtn   0.044490  0.030590
L4.IJH_rtn   -0.146666 -0.151823
L4.WOOD_rtn   0.096186  0.110680
L5.IJH_rtn   -0.015560 -0.049160
L5.WOOD_rtn  -0.003623  0.049677
L6.IJH_rtn   -0.045704 -0.053465
L6.WOOD_rtn   0.006490  0.016056
L7.IJH_rtn   -0.016226  0.004837
L7.WOOD_rtn   0.072110  0.054475
L8.IJH_rtn   -0.020808 -0.100805
L8.WOOD_rtn  -0.001631  0.084625
L9.IJH_rtn    0.123413  0.143703
L9.WOOD_rtn  -0.082223 -0.103126
L10.IJH_rtn   0.113296  0.123039
L10.WOOD_rtn -0.090958 -0.091228",,,,,,
IJJ_ACWI,VAR,10.0,"               IJJ_rtn  ACWI_rtn
const         0.000396  0.000239
L1.IJJ_rtn   -0.058151  0.013776
L1.ACWI_rtn  -0.038187 -0.112329
L2.IJJ_rtn   -0.002921  0.039660
L2.ACWI_rtn   0.035550 -0.042563
L3.IJJ_rtn   -0.069605 -0.033262
L3.ACWI_rtn   0.078801  0.032678
L4.IJJ_rtn   -0.130955 -0.085832
L4.ACWI_rtn   0.102383  0.059811
L5.IJJ_rtn    0.050192  0.050831
L5.ACWI_rtn  -0.080687 -0.072982
L6.IJJ_rtn   -0.007541  0.016852
L6.ACWI_rtn  -0.026730 -0.049204
L7.IJJ_rtn    0.059520  0.027092
L7.ACWI_rtn  -0.002838 -0.000142
L8.IJJ_rtn    0.046239  0.002612
L8.ACWI_rtn  -0.072870 -0.021836
L9.IJJ_rtn    0.094666  0.068412
L9.ACWI_rtn  -0.066270 -0.053800
L10.IJJ_rtn   0.119695  0.111741
L10.ACWI_rtn -0.112895 -0.126183",,,,,,
IMCV_IWM,VAR,10.0,"              IMCV_rtn   IWM_rtn
const         0.000303  0.000373
L1.IMCV_rtn  -0.172325 -0.059898
L1.IWM_rtn    0.138980 -0.028417
L2.IMCV_rtn   0.010926  0.080512
L2.IWM_rtn    0.013757 -0.043628
L3.IMCV_rtn  -0.094223  0.004379
L3.IWM_rtn    0.067932 -0.007678
L4.IMCV_rtn   0.004523 -0.033354
L4.IWM_rtn   -0.028782 -0.017559
L5.IMCV_rtn  -0.000566  0.034687
L5.IWM_rtn   -0.005294 -0.050288
L6.IMCV_rtn  -0.080280 -0.091977
L6.IWM_rtn    0.034687  0.046281
L7.IMCV_rtn   0.063666  0.048168
L7.IWM_rtn    0.000321 -0.005403
L8.IMCV_rtn   0.044707  0.026372
L8.IWM_rtn   -0.061893 -0.044372
L9.IMCV_rtn   0.082317  0.038892
L9.IWM_rtn   -0.043242 -0.013671
L10.IMCV_rtn  0.015232 -0.028587
L10.IWM_rtn   0.014364  0.048425",,,,,,
IVV_ACWI,VAR,10.0,"               IVV_rtn  ACWI_rtn
const         0.000436  0.000254
L1.IVV_rtn   -0.252380 -0.114343
L1.ACWI_rtn   0.131897  0.008817
L2.IVV_rtn   -0.152451 -0.117013
L2.ACWI_rtn   0.140684  0.105908
L3.IVV_rtn   -0.093754 -0.075286
L3.ACWI_rtn   0.102810  0.068116
L4.IVV_rtn   -0.154774 -0.169950
L4.ACWI_rtn   0.113532  0.127929
L5.IVV_rtn    0.105644  0.167888
L5.ACWI_rtn  -0.127013 -0.174638
L6.IVV_rtn   -0.025998  0.030350
L6.ACWI_rtn  -0.008109 -0.060931
L7.IVV_rtn    0.022622 -0.018644
L7.ACWI_rtn   0.023597  0.047887
L8.IVV_rtn   -0.112077 -0.096285
L8.ACWI_rtn   0.079024  0.074222
L9.IVV_rtn    0.319721  0.328429
L9.ACWI_rtn  -0.273594 -0.284399
L10.IVV_rtn   0.125221  0.152560
L10.ACWI_rtn -0.112211 -0.146016",,,,,,
IWB_ACWI,VAR,9.0,"              IWB_rtn  ACWI_rtn
const        0.000442  0.000271
L1.IWB_rtn  -0.189888 -0.054397
L1.ACWI_rtn  0.088851 -0.040457
L2.IWB_rtn  -0.176508 -0.137608
L2.ACWI_rtn  0.165138  0.122840
L3.IWB_rtn  -0.019491 -0.004872
L3.ACWI_rtn  0.039212  0.005591
L4.IWB_rtn  -0.200116 -0.217892
L4.ACWI_rtn  0.153905  0.173782
L5.IWB_rtn   0.124643  0.192143
L5.ACWI_rtn -0.140177 -0.193668
L6.IWB_rtn  -0.067650 -0.028078
L6.ACWI_rtn  0.022673 -0.011423
L7.IWB_rtn   0.029240 -0.007564
L7.ACWI_rtn  0.019471  0.038100
L8.IWB_rtn  -0.066875 -0.066814
L8.ACWI_rtn  0.032957  0.043090
L9.IWB_rtn   0.274784  0.281523
L9.ACWI_rtn -0.224388 -0.238882",,,,,,
IWM_ACWI,VAR,8.0,"              IWM_rtn  ACWI_rtn
const        0.000422  0.000263
L1.IWM_rtn   0.001917  0.064530
L1.ACWI_rtn -0.106448 -0.167294
L2.IWM_rtn   0.000744  0.052352
L2.ACWI_rtn  0.041614 -0.053844
L3.IWM_rtn  -0.063457 -0.029730
L3.ACWI_rtn  0.087426  0.028885
L4.IWM_rtn  -0.067618 -0.063395
L4.ACWI_rtn  0.024580  0.035277
L5.IWM_rtn   0.016057  0.019571
L5.ACWI_rtn -0.053240 -0.042590
L6.IWM_rtn   0.017910  0.047292
L6.ACWI_rtn -0.052567 -0.082559
L7.IWM_rtn  -0.020690 -0.012003
L7.ACWI_rtn  0.071358  0.042638
L8.IWM_rtn   0.021959 -0.038694
L8.ACWI_rtn -0.060770  0.017992",,,,,,
IWM_SCZ,VAR,6.0,"             IWM_rtn   SCZ_rtn
const       0.000457  0.000180
L1.IWM_rtn -0.067565  0.027625
L1.SCZ_rtn -0.019746 -0.107165
L2.IWM_rtn -0.098937 -0.031474
L2.SCZ_rtn  0.181079  0.112854
L3.IWM_rtn -0.025728 -0.006146
L3.SCZ_rtn  0.036053  0.007827
L4.IWM_rtn -0.084291 -0.031646
L4.SCZ_rtn  0.048353 -0.001047
L5.IWM_rtn -0.011516  0.022638
L5.SCZ_rtn -0.018131 -0.014724
L6.IWM_rtn -0.016348  0.013088
L6.SCZ_rtn -0.017283 -0.054118",,,,,,
IWM_SUSA,VAR,9.0,"              IWM_rtn  SUSA_rtn
const        0.000379  0.000382
L1.IWM_rtn   0.046316  0.127052
L1.SUSA_rtn -0.173370 -0.223228
L2.IWM_rtn  -0.015786  0.045068
L2.SUSA_rtn  0.051100 -0.065623
L3.IWM_rtn  -0.055860  0.004539
L3.SUSA_rtn  0.082423 -0.008180
L4.IWM_rtn  -0.018339 -0.038418
L4.SUSA_rtn -0.042541 -0.002197
L5.IWM_rtn  -0.043361  0.003048
L5.SUSA_rtn  0.025728 -0.020888
L6.IWM_rtn   0.051563  0.057526
L6.SUSA_rtn -0.110429 -0.113287
L7.IWM_rtn  -0.042910 -0.038504
L7.SUSA_rtn  0.105411  0.102197
L8.IWM_rtn   0.020278  0.006623
L8.SUSA_rtn -0.063456 -0.053716
L9.IWM_rtn  -0.074978 -0.050860
L9.SUSA_rtn  0.140066  0.121103",,,,,,
IWM_WOOD,VAR,8.0,"              IWM_rtn  WOOD_rtn
const        0.000464  0.000298
L1.IWM_rtn  -0.036516  0.152727
L1.WOOD_rtn -0.048433 -0.186855
L2.IWM_rtn  -0.041162 -0.029755
L2.WOOD_rtn  0.087725  0.059898
L3.IWM_rtn  -0.051029 -0.039894
L3.WOOD_rtn  0.058826  0.027230
L4.IWM_rtn  -0.104594 -0.111111
L4.WOOD_rtn  0.062488  0.077588
L5.IWM_rtn  -0.022755 -0.034429
L5.WOOD_rtn -0.005042  0.033514
L6.IWM_rtn  -0.009291 -0.015183
L6.WOOD_rtn -0.015283 -0.017115
L7.IWM_rtn  -0.024620  0.000782
L7.WOOD_rtn  0.070684  0.057703
L8.IWM_rtn  -0.035137 -0.102617
L8.WOOD_rtn  0.011686  0.094904",,,,,,
IWV_ACWI,VAR,10.0,"               IWV_rtn  ACWI_rtn
const         0.000428  0.000252
L1.IWV_rtn   -0.254175 -0.095481
L1.ACWI_rtn   0.139744 -0.006936
L2.IWV_rtn   -0.100125 -0.059538
L2.ACWI_rtn   0.103840  0.058458
L3.IWV_rtn   -0.082554 -0.052744
L3.ACWI_rtn   0.097134  0.048275
L4.IWV_rtn   -0.156329 -0.182208
L4.ACWI_rtn   0.112837  0.142322
L5.IWV_rtn    0.099278  0.138029
L5.ACWI_rtn  -0.123283 -0.150273
L6.IWV_rtn   -0.007092  0.059812
L6.ACWI_rtn  -0.026809 -0.088657
L7.IWV_rtn   -0.051076 -0.082999
L7.ACWI_rtn   0.095142  0.108760
L8.IWV_rtn   -0.067975 -0.089026
L8.ACWI_rtn   0.037618  0.065848
L9.IWV_rtn    0.311113  0.300791
L9.ACWI_rtn  -0.272198 -0.264689
L10.IWV_rtn   0.140572  0.161226
L10.ACWI_rtn -0.126154 -0.156397",,,,,,
IXP_IYH,VAR,8.0,"             IXP_rtn   IYH_rtn
const       0.000190  0.000473
L1.IXP_rtn -0.081850 -0.038710
L1.IYH_rtn -0.081496 -0.040423
L2.IXP_rtn -0.039460 -0.029203
L2.IYH_rtn  0.001965  0.017652
L3.IXP_rtn -0.024888  0.013392
L3.IYH_rtn  0.007843  0.001708
L4.IXP_rtn -0.011213  0.007400
L4.IYH_rtn -0.028482 -0.053180
L5.IXP_rtn -0.045726 -0.036574
L5.IYH_rtn  0.006295  0.022138
L6.IXP_rtn -0.050226 -0.017054
L6.IYH_rtn -0.023752 -0.024337
L7.IXP_rtn -0.001007  0.024973
L7.IYH_rtn  0.029347  0.017649
L8.IXP_rtn  0.046931  0.034396
L8.IYH_rtn -0.081986 -0.090600",,,,,,
IYH_ACWI,VAR,10.0,"               IYH_rtn  ACWI_rtn
const         0.000569  0.000327
L1.IYH_rtn   -0.052330 -0.088116
L1.ACWI_rtn  -0.022059 -0.033849
L2.IYH_rtn   -0.016366 -0.039635
L2.ACWI_rtn   0.007341  0.023235
L3.IYH_rtn   -0.013790  0.015711
L3.ACWI_rtn   0.034430 -0.011661
L4.IYH_rtn   -0.072497 -0.068427
L4.ACWI_rtn   0.026065  0.022285
L5.IYH_rtn    0.017801  0.014895
L5.ACWI_rtn  -0.023941 -0.030092
L6.IYH_rtn   -0.061037 -0.031706
L6.ACWI_rtn   0.024614 -0.017214
L7.IYH_rtn    0.028828  0.020337
L7.ACWI_rtn   0.017994  0.016521
L8.IYH_rtn   -0.072012 -0.055719
L8.ACWI_rtn   0.018361  0.025703
L9.IYH_rtn    0.044372  0.071557
L9.ACWI_rtn  -0.010613 -0.030129
L10.IYH_rtn  -0.064292 -0.031341
L10.ACWI_rtn  0.030197  0.008564",,,,,,
IYH_TOK,VAR,9.0,"             IYH_rtn   TOK_rtn
const       0.000523  0.000237
L1.IYH_rtn -0.066473  0.169680
L1.TOK_rtn -0.004837 -0.166938
L2.IYH_rtn -0.044446 -0.023928
L2.TOK_rtn  0.044280  0.019796
L3.IYH_rtn  0.016150 -0.005653
L3.TOK_rtn -0.004033 -0.025159
L4.IYH_rtn -0.037551  0.017172
L4.TOK_rtn -0.007779 -0.057326
L5.IYH_rtn -0.056562 -0.054702
L5.TOK_rtn  0.062706  0.070772
L6.IYH_rtn -0.026682 -0.038250
L6.TOK_rtn -0.016094 -0.029461
L7.IYH_rtn  0.021271  0.055635
L7.TOK_rtn  0.031333 -0.008391
L8.IYH_rtn -0.048192 -0.030068
L8.TOK_rtn -0.009435 -0.005876
L9.IYH_rtn  0.018157  0.037440
L9.TOK_rtn  0.018659  0.015728",,,,,,
IYK_ACWI,VAR,9.0,"              IYK_rtn  ACWI_rtn
const        0.000410  0.000233
L1.IYK_rtn  -0.039733 -0.003153
L1.ACWI_rtn -0.048895 -0.096931
L2.IYK_rtn  -0.068090 -0.068702
L2.ACWI_rtn  0.042046  0.040661
L3.IYK_rtn  -0.023131 -0.004257
L3.ACWI_rtn  0.031900  0.002740
L4.IYK_rtn  -0.086299 -0.077683
L4.ACWI_rtn  0.043165  0.026673
L5.IYK_rtn  -0.000081  0.041376
L5.ACWI_rtn -0.007089 -0.045543
L6.IYK_rtn  -0.047585 -0.040963
L6.ACWI_rtn  0.011215 -0.008358
L7.IYK_rtn   0.056650  0.054702
L7.ACWI_rtn  0.006541 -0.005467
L8.IYK_rtn   0.052568  0.081963
L8.ACWI_rtn -0.051730 -0.070012
L9.IYK_rtn   0.104389  0.159450
L9.ACWI_rtn -0.042927 -0.082813",,,,,,
REM_SUSA,VECM,,,1.0,10.0,"[[-0.01058692]
 [-0.00091498]]","[[ 1.        ]
 [-0.35729316]]","[[ 0.01747466 -0.03016373  0.0054676   0.0381864  -0.03303733  0.05149114
  -0.00687853 -0.01667543 -0.02357483  0.01535775 -0.00491241 -0.0390031
   0.03625056  0.03148746 -0.02392899  0.0286402   0.07585656 -0.02364239
   0.08221574 -0.05313022]
 [ 0.00032478 -0.05043852  0.01195548 -0.00049302 -0.0003813  -0.00287712
  -0.00765404 -0.03995054 -0.01483325  0.02966081  0.01034945 -0.07285879
  -0.01256894  0.09015685 -0.00244065 -0.06886624 -0.00155964  0.09874689
   0.0144927  -0.03425125]]","[[ 6.93184326e-01 -1.84301596e-04]
 [ 6.63054585e-02 -1.06483840e-05]]"
RXI_WOOD,VAR,8.0,"              RXI_rtn  WOOD_rtn
const        0.000451  0.000282
L1.RXI_rtn   0.006631  0.151291
L1.WOOD_rtn -0.044481 -0.175540
L2.RXI_rtn   0.053144  0.092253
L2.WOOD_rtn -0.025761 -0.036301
L3.RXI_rtn  -0.043804  0.002196
L3.WOOD_rtn  0.009535 -0.002251
L4.RXI_rtn  -0.072022 -0.091335
L4.WOOD_rtn  0.049771  0.061864
L5.RXI_rtn  -0.034266 -0.036881
L5.WOOD_rtn  0.035594  0.036845
L6.RXI_rtn  -0.053001 -0.080506
L6.WOOD_rtn  0.013963  0.024435
L7.RXI_rtn  -0.036957 -0.028581
L7.WOOD_rtn  0.059728  0.073731
L8.RXI_rtn  -0.031629 -0.091464
L8.WOOD_rtn  0.002064  0.078133",,,,,,
